0.0,-0.00483793,0.005939655,9.825185775,-0.001273684,0.000687473,-8.2602e-05
21.0,-0.003640428,0.004742145,9.828778266,-0.001140452,0.000687473,-8.2602e-05
42.0,-0.002442911,0.004742145,9.831172943,-0.001273684,0.000687473,-8.2602e-05
63.0,-0.002442911,0.003544636,9.829975128,-0.001273684,0.000687473,-8.2602e-05
83.0,-0.001245394,0.003544636,9.829975128,-0.001273684,0.000687473,5.0628e-05
102.0,-0.002442911,0.003544636,9.829975128,-0.001140452,0.000687473,5.0628e-05
123.0,-0.002442911,0.003544636,9.829975128,-0.001140452,0.000687473,5.0628e-05
142.0,-0.003640428,0.003544636,9.829975128,-0.001007221,0.000687473,-8.2602e-05
163.0,-0.003640428,0.003544636,9.828778266,-0.001007221,0.000687473,-8.2602e-05
183.0,-0.00483793,0.002347126,9.828778266,-0.001007221,0.000687473,-8.2602e-05
204.0,-0.006035447,0.002347126,9.827580451,-0.001140452,0.000687473,5.0628e-05
225.0,-0.006035447,0.001149617,9.826382637,-0.001140452,0.000687473,5.0628e-05
244.0,-0.007232949,0.002347126,9.822790145,-0.001140452,0.000687473,-8.2602e-05
264.0,-0.007232949,0.003544636,9.820395469,-0.001140452,0.000687473,-8.2602e-05
285.0,-0.007232949,0.002347126,9.820395469,-0.001140452,0.000687473,-8.2602e-05
306.0,-0.007232949,0.002347126,9.821593284,-0.001140452,0.000687473,-8.2602e-05
325.0,-0.007232949,0.002347126,9.822790145,-0.001140452,0.000687473,5.0628e-05
345.0,-0.008430466,0.002347126,9.82398796,-0.001273684,0.000687473,0.000183859
366.0,-0.008430466,0.003544636,9.822790145,-0.001140452,0.000687473,5.0628e-05
387.0,-0.008430466,0.002347126,9.822790145,-0.001140452,0.000554241,5.0628e-05
408.0,-0.008430466,0.002347126,9.822790145,-0.001273684,0.000554241,5.0628e-05
429.0,-0.007232949,0.003544636,9.821593284,-0.001273684,0.000554241,5.0628e-05
449.0,-0.007232949,0.003544636,9.820395469,-0.001140452,0.000687473,5.0628e-05
469.0,-0.006035447,0.003544636,9.821593284,-0.001007221,0.000687473,5.0628e-05
490.0,-0.007232949,0.003544636,9.820395469,-0.001007221,0.000687473,5.0628e-05
509.0,-0.007232949,0.003544636,9.819197654,-0.001140452,0.000687473,5.0628e-05
529.0,-0.006035447,0.004742145,9.819197654,-0.001140452,0.000820704,5.0628e-05
550.0,-0.00483793,0.004742145,9.819197654,-0.001007221,0.000820704,5.0628e-05
571.0,-0.00483793,0.004742145,9.818000793,-0.001007221,0.000820704,5.0628e-05
590.0,-0.00483793,0.004742145,9.816802978,-0.00087399,0.000820704,5.0628e-05
610.0,-0.00483793,0.003544636,9.815605163,-0.00087399,0.000820704,5.0628e-05
631.0,-0.00483793,0.003544636,9.815605163,-0.000740759,0.000820704,5.0628e-05
652.0,-0.00483793,0.003544636,9.815605163,-0.000740759,0.000820704,5.0628e-05
673.0,-0.00483793,0.003544636,9.813210487,-0.000607527,0.000687473,5.0628e-05
692.0,-0.006035447,0.002347126,9.810814857,-0.000607527,0.000687473,-8.2602e-05
712.0,-0.006035447,0.002347126,9.812012672,-0.000740759,0.000687473,-8.2602e-05
733.0,-0.006035447,0.002347126,9.814407348,-0.000740759,0.000820704,-0.000215834
754.0,-0.008430466,0.001149617,9.814407348,-0.000740759,0.000820704,-0.000215834
775.0,-0.008430466,0.001149617,9.815605163,-0.000740759,0.000820704,-0.000215834
795.0,-0.007232949,-4.7892e-05,9.815605163,-0.000740759,0.000687473,-8.2602e-05
816.0,-0.006035447,-4.7892e-05,9.814407348,-0.000607527,0.000687473,-8.2602e-05
837.0,-0.00483793,-4.7892e-05,9.813210487,-0.000740759,0.000554241,-8.2602e-05
858.0,-0.003640428,-4.7892e-05,9.812012672,-0.000740759,0.000554241,-8.2602e-05
877.0,-0.002442911,0.001149617,9.812012672,-0.000740759,0.00042101,-8.2602e-05
897.0,-0.001245394,0.001149617,9.809617996,-0.000607527,0.00042101,-8.2602e-05
917.0,-0.001245394,-0.001245401,9.808420181,-0.000740759,0.00042101,5.0628e-05
937.0,-0.002442911,-0.002442911,9.808420181,-0.00087399,0.00042101,0.000183859
957.0,-0.003640428,-0.00364042,9.807222366,-0.001007221,0.00042101,0.000183859
978.0,-0.003640428,-0.00364042,9.806025505,-0.001140452,0.00042101,0.000183859
999.0,-0.00483793,-0.00364042,9.807222366,-0.001140452,0.00042101,0.000183859
1018.0,-0.00483793,-0.002442911,9.808420181,-0.001140452,0.00042101,0.000183859
1038.0,-0.00483793,-0.002442911,9.808420181,-0.001140452,0.00042101,5.0628e-05
1058.0,-0.00483793,-0.002442911,9.807222366,-0.001273684,0.000554241,5.0628e-05
1078.0,-0.003640428,-0.002442911,9.807222366,-0.001273684,0.000687473,5.0628e-05
1099.0,-0.003640428,-0.001245401,9.807222366,-0.001273684,0.000687473,5.0628e-05
1118.0,-0.002442911,-4.7892e-05,9.807222366,-0.001273684,0.000687473,5.0628e-05
1138.0,-0.001245394,-4.7892e-05,9.806025505,-0.001273684,0.000687473,5.0628e-05
1159.0,-0.001245394,-4.7892e-05,9.806025505,-0.001273684,0.000820704,5.0628e-05
1178.0,-0.001245394,-4.7892e-05,9.807222366,-0.001273684,0.000820704,0.000183859
1198.0,-0.001245394,-0.001245401,9.808420181,-0.001273684,0.000820704,0.000183859
1218.0,-4.7892e-05,-0.001245401,9.809617996,-0.001140452,0.000953935,0.000183859
1239.0,0.001149624,-4.7892e-05,9.809617996,-0.001140452,0.000820704,0.000183859
1259.0,0.003544643,-4.7892e-05,9.808420181,-0.001140452,0.000953935,0.000183859
1278.0,0.002347126,-4.7892e-05,9.806025505,-0.001140452,0.000820704,0.000183859
1298.0,0.001149624,-0.001245401,9.80482769,-0.001007221,0.000820704,0.000183859
1318.0,-4.7892e-05,-0.00364042,9.80482769,-0.001007221,0.000820704,0.000183859
1339.0,0.001149624,-0.00483793,9.806025505,-0.001140452,0.000687473,0.000183859
1358.0,0.002347126,-0.00364042,9.807222366,-0.001140452,0.000687473,0.000183859
1378.0,0.003544643,-0.002442911,9.807222366,-0.001140452,0.000687473,5.0628e-05
1398.0,0.003544643,-0.002442911,9.806025505,-0.001007221,0.000687473,5.0628e-05
1419.0,0.002347126,-0.001245401,9.80482769,-0.001007221,0.000687473,5.0628e-05
1438.0,0.001149624,-4.7892e-05,9.802433013,-0.001007221,0.000687473,-8.2602e-05
1458.0,-4.7892e-05,-4.7892e-05,9.802433013,-0.00087399,0.000687473,-8.2602e-05
1478.0,-4.7892e-05,-0.001245401,9.802433013,-0.00087399,0.000687473,-8.2602e-05
1498.0,-4.7892e-05,-0.002442911,9.802433013,-0.00087399,0.000687473,-8.2602e-05
1518.0,-4.7892e-05,-0.002442911,9.802433013,-0.00087399,0.000687473,-8.2602e-05
1538.0,-4.7892e-05,-0.001245401,9.802433013,-0.00087399,0.000820704,-8.2602e-05
1558.0,-4.7892e-05,-0.002442911,9.803629875,-0.00087399,0.000687473,5.0628e-05
1578.0,-0.001245394,-0.001245401,9.807222366,-0.00087399,0.000554241,5.0628e-05
1598.0,-0.001245394,-0.001245401,9.809617996,-0.001007221,0.000554241,5.0628e-05
1618.0,-4.7892e-05,-4.7892e-05,9.812012672,-0.001007221,0.000687473,5.0628e-05
1638.0,-4.7892e-05,-4.7892e-05,9.813210487,-0.001007221,0.000687473,5.0628e-05
1658.0,0.001149624,-0.002442911,9.812012672,-0.00087399,0.000687473,5.0628e-05
1678.0,0.001149624,-0.00364042,9.810814857,-0.00087399,0.000687473,5.0628e-05
1698.0,0.001149624,-0.00364042,9.809617996,-0.00087399,0.000687473,5.0628e-05
1718.0,0.001149624,-0.00364042,9.809617996,-0.00087399,0.000687473,0.000183859
1738.0,0.001149624,-0.00364042,9.808420181,-0.000740759,0.000687473,0.000183859
1758.0,0.003544643,-0.002442911,9.808420181,-0.000740759,0.000820704,0.000183859
1778.0,0.003544643,-0.002442911,9.808420181,-0.000740759,0.000687473,0.000183859
1798.0,0.003544643,-0.001245401,9.809617996,-0.000607527,0.000687473,0.000183859
1818.0,0.002347126,-0.001245401,9.809617996,-0.000607527,0.000687473,0.000183859
1838.0,-4.7892e-05,-0.002442911,9.809617996,-0.000607527,0.000687473,0.000317091
1858.0,-0.001245394,-0.00364042,9.810814857,-0.000607527,0.000820704,0.000317091
1878.0,-0.003640428,-0.00364042,9.810814857,-0.000607527,0.000820704,0.000317091
1898.0,-0.00483793,-0.00364042,9.810814857,-0.000607527,0.000953935,0.000317091
1918.0,-0.006035447,-0.002442911,9.810814857,-0.000474296,0.000953935,0.000317091
1938.0,-0.006035447,-0.002442911,9.809617996,-0.000474296,0.000953935,0.000317091
1958.0,-0.006035447,-0.002442911,9.807222366,-0.000607527,0.000820704,0.000317091
1978.0,-0.006035447,-0.002442911,9.806025505,-0.000607527,0.000820704,0.00045032
1998.0,-0.00483793,-0.002442911,9.807222366,-0.000607527,0.000820704,0.00045032
2018.0,-0.006035447,-0.001245401,9.808420181,-0.000607527,0.000820704,0.00045032
2038.0,-0.006035447,-4.7892e-05,9.807222366,-0.000607527,0.000820704,0.00045032
2058.0,-0.006035447,-4.7892e-05,9.807222366,-0.000740759,0.000820704,0.00045032
2078.0,-0.006035447,-0.001245401,9.808420181,-0.00087399,0.000820704,0.000583551
2098.0,-0.00483793,-4.7892e-05,9.809617996,-0.00087399,0.000820704,0.000583551
2118.0,-0.003640428,0.001149617,9.810814857,-0.001007221,0.000820704,0.000583551
2138.0,-0.002442911,0.001149617,9.810814857,-0.001140452,0.000687473,0.00045032
2158.0,-0.001245394,0.001149617,9.809617996,-0.001140452,0.000687473,0.00045032
2178.0,-4.7892e-05,-4.7892e-05,9.809617996,-0.001140452,0.000687473,0.00045032
2198.0,0.001149624,-4.7892e-05,9.810814857,-0.001140452,0.000687473,0.000317091
2218.0,0.001149624,0.001149617,9.812012672,-0.001140452,0.000687473,0.000317091
2238.0,0.002347126,-4.7892e-05,9.810814857,-0.001273684,0.000554241,0.00045032
2258.0,0.002347126,-4.7892e-05,9.810814857,-0.001273684,0.000554241,0.00045032
2278.0,0.003544643,-0.001245401,9.812012672,-0.001140452,0.000554241,0.00045032
2298.0,0.003544643,-0.002442911,9.812012672,-0.001140452,0.00042101,0.00045032
2318.0,0.003544643,-0.00364042,9.812012672,-0.001140452,0.00042101,0.00045032
2338.0,0.002347126,-0.00483793,9.812012672,-0.001140452,0.00042101,0.000317091
2358.0,0.001149624,-0.00483793,9.813210487,-0.001273684,0.00042101,0.000317091
2378.0,0.001149624,-0.006035439,9.814407348,-0.001140452,0.000554241,0.000317091
2398.0,0.001149624,-0.00483793,9.815605163,-0.001140452,0.000554241,0.000317091
2418.0,-4.7892e-05,-0.00483793,9.818000793,-0.001140452,0.000554241,0.000317091
2438.0,-4.7892e-05,-0.00364042,9.819197654,-0.001140452,0.000554241,0.000317091
2458.0,0.001149624,-0.00364042,9.819197654,-0.001140452,0.000554241,0.000317091
2478.0,0.002347126,-0.00483793,9.815605163,-0.001140452,0.000554241,0.000317091
2498.0,0.002347126,-0.00483793,9.812012672,-0.001273684,0.000554241,0.00045032
2518.0,0.002347126,-0.00364042,9.810814857,-0.001273684,0.000687473,0.000317091
2538.0,0.002347126,-0.002442911,9.810814857,-0.001273684,0.000687473,0.000183859
2558.0,0.002347126,-0.001245401,9.809617996,-0.001273684,0.000687473,0.000183859
2578.0,-4.7892e-05,-0.001245401,9.810814857,-0.001273684,0.000687473,0.000183859
2598.0,-4.7892e-05,-0.001245401,9.810814857,-0.001273684,0.000687473,0.000317091
2618.0,-0.001245394,-4.7892e-05,9.809617996,-0.001273684,0.000687473,0.000317091
2638.0,-0.003640428,-4.7892e-05,9.808420181,-0.001273684,0.000820704,0.00045032
2658.0,-0.003640428,-4.7892e-05,9.807222366,-0.001140452,0.000820704,0.00045032
2678.0,-0.002442911,-4.7892e-05,9.808420181,-0.001140452,0.000820704,0.00045032
2698.0,-0.002442911,0.001149617,9.809617996,-0.001007221,0.000820704,0.000317091
2718.0,-0.002442911,0.002347126,9.809617996,-0.001140452,0.000687473,0.000317091
2738.0,-0.003640428,0.002347126,9.809617996,-0.001140452,0.000687473,0.000317091
2758.0,-0.002442911,0.002347126,9.809617996,-0.001273684,0.000687473,0.000317091
2778.0,-0.002442911,0.002347126,9.809617996,-0.001273684,0.000554241,0.000317091
2798.0,-0.002442911,0.002347126,9.809617996,-0.001273684,0.000554241,0.00045032
2818.0,-0.003640428,0.002347126,9.809617996,-0.001273684,0.000687473,0.00045032
2838.0,-0.00483793,0.003544636,9.810814857,-0.001273684,0.000687473,0.00045032
2858.0,-0.006035447,0.003544636,9.813210487,-0.001273684,0.000687473,0.00045032
2878.0,-0.007232949,0.003544636,9.815605163,-0.001140452,0.000554241,0.00045032
2898.0,-0.007232949,0.002347126,9.814407348,-0.001140452,0.00042101,0.00045032
2918.0,-0.006035447,0.001149617,9.812012672,-0.001007221,0.00042101,0.00045032
2938.0,-0.00483793,-4.7892e-05,9.810814857,-0.001007221,0.00042101,0.000583551
2958.0,-0.003640428,-4.7892e-05,9.810814857,-0.001007221,0.00042101,0.000583551
2978.0,-0.001245394,-4.7892e-05,9.809617996,-0.001007221,0.000287779,0.00045032
2998.0,-4.7892e-05,0.001149617,9.807222366,-0.001007221,0.000154548,0.00045032
3018.0,-4.7892e-05,0.001149617,9.80482769,-0.001007221,0.000154548,0.000583551
3038.0,-4.7892e-05,0.002347126,9.80482769,-0.00087399,0.000154548,0.000583551
3058.0,0.001149624,0.001149617,9.803629875,-0.001007221,0.000287779,0.000583551
3078.0,0.001149624,-4.7892e-05,9.803629875,-0.001007221,0.000287779,0.000583551
3098.0,0.001149624,-4.7892e-05,9.803629875,-0.001007221,0.000287779,0.000716783
3118.0,0.001149624,-4.7892e-05,9.806025505,-0.001007221,0.000287779,0.000583551
3138.0,0.002347126,0.001149617,9.80482769,-0.001007221,0.000287779,0.000583551
3158.0,0.001149624,0.001149617,9.802433013,-0.00087399,0.000154548,0.000716783
3178.0,-4.7892e-05,0.001149617,9.802433013,-0.00087399,0.000154548,0.000716783
3198.0,-4.7892e-05,0.001149617,9.803629875,-0.00087399,0.000154548,0.000716783
3218.0,-4.7892e-05,-4.7892e-05,9.803629875,-0.00087399,0.000154548,0.000583551
3238.0,-4.7892e-05,-4.7892e-05,9.803629875,-0.001007221,0.000154548,0.000583551
3258.0,0.001149624,-4.7892e-05,9.803629875,-0.001007221,0.000154548,0.00045032
3278.0,-4.7892e-05,-4.7892e-05,9.802433013,-0.001140452,0.000154548,0.00045032
3298.0,-0.001245394,-4.7892e-05,9.802433013,-0.001273684,0.000154548,0.000583551
3319.0,-0.001245394,-4.7892e-05,9.800037384,-0.001273684,0.000154548,0.000583551
3340.0,0.001149624,-4.7892e-05,9.798840522,-0.001140452,0.000154548,0.000583551
3359.0,0.002347126,-0.001245401,9.798840522,-0.001140452,0.000154548,0.000583551
3379.0,0.002347126,-0.002442911,9.798840522,-0.001007221,0.000154548,0.000583551
3400.0,0.002347126,-0.002442911,9.798840522,-0.001140452,0.000154548,0.000583551
3421.0,0.001149624,-0.00364042,9.802433013,-0.001273684,0.000154548,0.000583551
3442.0,-0.002442911,-0.00364042,9.806025505,-0.001273684,0.000154548,0.000583551
3463.0,-0.003640428,-0.00483793,9.806025505,-0.001273684,0.000154548,0.00045032
3484.0,-0.003640428,-0.00364042,9.807222366,-0.001140452,0.000154548,0.00045032
3505.0,-0.003640428,-0.002442911,9.808420181,-0.001140452,0.000154548,0.00045032
3526.0,-0.003640428,-0.002442911,9.809617996,-0.001140452,0.000287779,0.000583551
3547.0,-0.00483793,-0.002442911,9.808420181,-0.001273684,0.000287779,0.000583551
3566.0,-0.00483793,-0.002442911,9.807222366,-0.001273684,0.000287779,0.00045032
3587.0,-0.006035447,-0.00364042,9.807222366,-0.001273684,0.00042101,0.00045032
3606.0,-0.007232949,-0.00364042,9.807222366,-0.001273684,0.00042101,0.00045032
3627.0,-0.007232949,-0.002442911,9.808420181,-0.001273684,0.00042101,0.00045032
3648.0,-0.006035447,-0.002442911,9.807222366,-0.001273684,0.00042101,0.00045032
3667.0,-0.006035447,-0.002442911,9.806025505,-0.001406915,0.00042101,0.00045032
3687.0,-0.006035447,-0.001245401,9.80482769,-0.001406915,0.00042101,0.000317091
3708.0,-0.006035447,-4.7892e-05,9.80482769,-0.001406915,0.000287779,0.000317091
3729.0,-0.006035447,-4.7892e-05,9.806025505,-0.001273684,0.000287779,0.000317091
3748.0,-0.006035447,-4.7892e-05,9.807222366,-0.001273684,0.000287779,0.000317091
3769.0,-0.00483793,-0.001245401,9.808420181,-0.001140452,0.000287779,0.000317091
3790.0,-0.003640428,-0.002442911,9.808420181,-0.001140452,0.000287779,0.00045032
3809.0,-0.00483793,-0.001245401,9.809617996,-0.001140452,0.00042101,0.00045032
3829.0,-0.006035447,-0.001245401,9.810814857,-0.001140452,0.000287779,0.000317091
3849.0,-0.006035447,-4.7892e-05,9.810814857,-0.001140452,0.000287779,0.000183859
3870.0,-0.00483793,0.001149617,9.810814857,-0.001140452,0.000287779,5.0628e-05
3889.0,-0.003640428,0.001149617,9.812012672,-0.001140452,0.000287779,5.0628e-05
3909.0,-0.003640428,0.001149617,9.812012672,-0.001140452,0.000287779,5.0628e-05
3929.0,-0.00483793,0.001149617,9.813210487,-0.001140452,0.00042101,5.0628e-05
3949.0,-0.00483793,0.001149617,9.814407348,-0.001140452,0.00042101,5.0628e-05
3970.0,-0.007232949,0.001149617,9.815605163,-0.001140452,0.00042101,5.0628e-05
3991.0,-0.008430466,0.001149617,9.814407348,-0.001140452,0.00042101,5.0628e-05
4010.0,-0.006035447,0.001149617,9.814407348,-0.001140452,0.00042101,0.000183859
4030.0,-0.003640428,0.001149617,9.815605163,-0.001273684,0.00042101,0.000183859
4051.0,-0.002442911,0.001149617,9.814407348,-0.001273684,0.000554241,0.000183859
4072.0,-0.001245394,0.002347126,9.810814857,-0.001273684,0.000554241,0.000183859
4093.0,-4.7892e-05,0.003544636,9.810814857,-0.001140452,0.000554241,0.000317091
4112.0,0.001149624,0.003544636,9.810814857,-0.001273684,0.000687473,0.000317091
4133.0,0.001149624,0.003544636,9.812012672,-0.001273684,0.000820704,0.000183859
4154.0,-4.7892e-05,0.003544636,9.812012672,-0.001273684,0.000687473,0.000183859
4173.0,-4.7892e-05,0.002347126,9.812012672,-0.001140452,0.000820704,0.000183859
4194.0,-4.7892e-05,0.002347126,9.814407348,-0.001140452,0.000820704,0.000183859
4215.0,-4.7892e-05,-4.7892e-05,9.815605163,-0.001140452,0.000820704,0.000183859
4236.0,-0.001245394,-0.001245401,9.814407348,-0.001007221,0.000687473,0.000183859
4257.0,-0.001245394,-0.002442911,9.814407348,-0.001007221,0.000687473,0.000183859
4276.0,-0.002442911,-0.00364042,9.814407348,-0.001007221,0.000554241,5.0628e-05
4296.0,-0.002442911,-0.00364042,9.813210487,-0.001140452,0.000554241,5.0628e-05
4317.0,-0.003640428,-0.00364042,9.813210487,-0.001140452,0.00042101,5.0628e-05
4337.0,-0.00483793,-0.00483793,9.812012672,-0.001140452,0.000554241,5.0628e-05
4358.0,-0.003640428,-0.00483793,9.808420181,-0.001140452,0.000554241,0.000183859
4379.0,-0.00483793,-0.00483793,9.808420181,-0.001007221,0.000554241,0.000183859
4400.0,-0.007232949,-0.00483793,9.807222366,-0.001007221,0.000554241,0.000183859
4421.0,-0.007232949,-0.00483793,9.807222366,-0.001007221,0.000554241,0.000183859
4440.0,-0.006035447,-0.00483793,9.807222366,-0.001007221,0.000554241,0.000317091
4461.0,-0.006035447,-0.006035439,9.807222366,-0.00087399,0.000554241,0.000317091
4480.0,-0.007232949,-0.006035439,9.808420181,-0.00087399,0.000554241,0.000317091
4502.0,-0.008430466,-0.006035439,9.809617996,-0.00087399,0.000554241,0.000317091
4522.0,-0.008430466,-0.006035439,9.809617996,-0.00087399,0.000687473,0.000317091
4543.0,-0.009627968,-0.006035439,9.810814857,-0.00087399,0.000687473,0.000317091
4564.0,-0.009627968,-0.007232949,9.810814857,-0.00087399,0.000687473,0.000317091
4585.0,-0.008430466,-0.006035439,9.809617996,-0.00087399,0.000687473,0.000317091
4606.0,-0.008430466,-0.007232949,9.810814857,-0.00087399,0.000687473,0.000317091
4627.0,-0.008430466,-0.007232949,9.812012672,-0.00087399,0.000687473,0.000317091
4648.0,-0.006035447,-0.007232949,9.812012672,-0.00087399,0.000820704,0.000317091
4667.0,-0.00483793,-0.006035439,9.812012672,-0.00087399,0.000687473,0.00045032
4688.0,-0.003640428,-0.006035439,9.812012672,-0.000740759,0.000687473,0.00045032
4707.0,-0.003640428,-0.00483793,9.812012672,-0.000740759,0.000820704,0.00045032
4727.0,-0.002442911,-0.00483793,9.810814857,-0.000607527,0.000820704,0.00045032
4747.0,-0.003640428,-0.006035439,9.810814857,-0.000740759,0.000820704,0.000317091
4768.0,-0.00483793,-0.006035439,9.812012672,-0.00087399,0.000820704,0.000183859
4789.0,-0.00483793,-0.006035439,9.810814857,-0.001007221,0.000820704,0.000183859
4810.0,-0.006035447,-0.006035439,9.809617996,-0.00087399,0.000820704,0.000183859
4831.0,-0.006035447,-0.006035439,9.810814857,-0.00087399,0.000687473,0.000183859
4852.0,-0.006035447,-0.00483793,9.813210487,-0.00087399,0.000687473,5.0628e-05
4873.0,-0.003640428,-0.00483793,9.815605163,-0.00087399,0.000687473,5.0628e-05
4894.0,-0.002442911,-0.00483793,9.818000793,-0.00087399,0.000687473,5.0628e-05
4915.0,-0.002442911,-0.006035439,9.820395469,-0.001007221,0.000687473,0.000183859
4934.0,-0.002442911,-0.006035439,9.821593284,-0.001007221,0.000687473,0.000183859
4955.0,-0.00483793,-0.006035439,9.821593284,-0.001007221,0.000687473,0.000317091
4975.0,-0.006035447,-0.006035439,9.822790145,-0.00087399,0.000554241,0.000317091
4995.0,-0.006035447,-0.006035439,9.822790145,-0.00087399,0.000554241,0.000317091
5015.0,-0.006035447,-0.00483793,9.821593284,-0.00087399,0.000554241,0.000317091
5034.0,-0.006035447,-0.00483793,9.820395469,-0.001007221,0.000687473,0.000317091
5055.0,-0.006035447,-0.00364042,9.819197654,-0.001007221,0.000687473,0.000317091
5075.0,-0.006035447,-0.002442911,9.818000793,-0.001140452,0.000687473,0.000317091
5095.0,-0.007232949,-0.002442911,9.818000793,-0.001140452,0.000687473,0.000317091
5115.0,-0.007232949,-0.002442911,9.819197654,-0.001007221,0.000687473,0.000317091
5134.0,-0.006035447,-0.002442911,9.820395469,-0.00087399,0.000820704,0.000317091
5155.0,-0.00483793,-0.001245401,9.820395469,-0.000740759,0.000820704,0.000317091
5175.0,-0.00483793,0.001149617,9.820395469,-0.000740759,0.000687473,0.000317091
5195.0,-0.006035447,0.001149617,9.820395469,-0.000740759,0.000687473,0.000183859
5215.0,-0.007232949,0.001149617,9.819197654,-0.00087399,0.000554241,0.000183859
5235.0,-0.008430466,0.002347126,9.818000793,-0.00087399,0.00042101,0.000183859
5255.0,-0.008430466,0.002347126,9.816802978,-0.001007221,0.00042101,0.000317091
5276.0,-0.007232949,0.002347126,9.814407348,-0.001007221,0.000554241,0.000317091
5297.0,-0.007232949,0.002347126,9.813210487,-0.001007221,0.000554241,0.000183859
5318.0,-0.007232949,0.001149617,9.813210487,-0.001007221,0.000687473,0.000183859
5339.0,-0.006035447,0.001149617,9.814407348,-0.001007221,0.000554241,0.000317091
5360.0,-0.003640428,0.001149617,9.814407348,-0.001007221,0.000554241,0.000317091
5380.0,-0.002442911,-4.7892e-05,9.814407348,-0.001007221,0.00042101,0.000317091
5399.0,-0.001245394,-0.002442911,9.812012672,-0.001007221,0.00042101,0.000183859
5420.0,-0.001245394,-0.00364042,9.808420181,-0.001007221,0.00042101,0.000183859
5440.0,-0.001245394,-0.00483793,9.80482769,-0.00087399,0.00042101,0.000317091
5460.0,-0.001245394,-0.00483793,9.80482769,-0.001007221,0.00042101,0.000183859
5481.0,-4.7892e-05,-0.00364042,9.80482769,-0.001007221,0.00042101,0.000183859
5502.0,0.002347126,-0.002442911,9.80482769,-0.001140452,0.00042101,0.000183859
5523.0,0.003544643,-0.002442911,9.806025505,-0.001140452,0.00042101,0.000183859
5544.0,0.003544643,-0.001245401,9.807222366,-0.001140452,0.00042101,0.000183859
5563.0,0.002347126,-4.7892e-05,9.809617996,-0.001140452,0.00042101,0.000183859
5584.0,0.001149624,-4.7892e-05,9.810814857,-0.001140452,0.00042101,0.000183859
5603.0,0.002347126,-4.7892e-05,9.810814857,-0.001140452,0.00042101,0.000183859
5624.0,0.002347126,-0.001245401,9.809617996,-0.001273684,0.000554241,5.0628e-05
5645.0,0.001149624,-0.002442911,9.808420181,-0.001273684,0.00042101,5.0628e-05
5666.0,-4.7892e-05,-0.00364042,9.807222366,-0.001273684,0.00042101,5.0628e-05
5687.0,-4.7892e-05,-0.00364042,9.809617996,-0.001140452,0.00042101,0.000183859
5708.0,-0.001245394,-0.00483793,9.810814857,-0.001273684,0.000554241,-8.2602e-05
5729.0,-4.7892e-05,-0.00483793,9.810814857,-0.001273684,0.000687473,-8.2602e-05
5750.0,-4.7892e-05,-0.00364042,9.813210487,-0.001273684,0.000554241,-8.2602e-05
5771.0,-0.001245394,-0.002442911,9.814407348,-0.001273684,0.000554241,-8.2602e-05
5792.0,-0.002442911,-0.002442911,9.814407348,-0.001273684,0.000554241,-8.2602e-05
5811.0,-0.003640428,-0.001245401,9.816802978,-0.001273684,0.000687473,-8.2602e-05
5832.0,-0.003640428,-0.001245401,9.819197654,-0.001406915,0.000687473,5.0628e-05
5851.0,-0.00483793,-4.7892e-05,9.819197654,-0.001406915,0.000687473,5.0628e-05
5872.0,-0.00483793,-0.001245401,9.819197654,-0.001406915,0.000687473,5.0628e-05
5891.0,-0.003640428,-0.001245401,9.819197654,-0.001406915,0.000687473,5.0628e-05
5912.0,-0.003640428,-4.7892e-05,9.818000793,-0.001406915,0.000554241,5.0628e-05
5932.0,-0.003640428,0.001149617,9.816802978,-0.001406915,0.000554241,5.0628e-05
5952.0,-0.00483793,-4.7892e-05,9.815605163,-0.001273684,0.000554241,5.0628e-05
5972.0,-0.006035447,-4.7892e-05,9.814407348,-0.001140452,0.00042101,5.0628e-05
5991.0,-0.006035447,-0.002442911,9.814407348,-0.001140452,0.000554241,5.0628e-05
6012.0,-0.006035447,-0.002442911,9.814407348,-0.001273684,0.000554241,-8.2602e-05
6032.0,-0.006035447,-0.001245401,9.818000793,-0.001273684,0.000554241,-8.2602e-05
6052.0,-0.00483793,-4.7892e-05,9.819197654,-0.001273684,0.00042101,-8.2602e-05
6073.0,-0.003640428,0.001149617,9.819197654,-0.001406915,0.00042101,-8.2602e-05
6094.0,-0.003640428,0.001149617,9.818000793,-0.001406915,0.000554241,-8.2602e-05
6115.0,-0.002442911,0.001149617,9.815605163,-0.001406915,0.000554241,-8.2602e-05
6136.0,-0.002442911,0.002347126,9.813210487,-0.001406915,0.000554241,-8.2602e-05
6157.0,-0.002442911,0.003544636,9.813210487,-0.001406915,0.000554241,5.0628e-05
6178.0,-0.001245394,0.003544636,9.813210487,-0.001406915,0.000554241,5.0628e-05
6199.0,-4.7892e-05,0.003544636,9.812012672,-0.001406915,0.000554241,5.0628e-05
6219.0,-0.001245394,0.003544636,9.809617996,-0.001406915,0.000554241,5.0628e-05
6238.0,-0.001245394,0.004742145,9.806025505,-0.001540146,0.000554241,5.0628e-05
6258.0,-0.001245394,0.004742145,9.806025505,-0.001540146,0.000554241,5.0628e-05
6279.0,-0.002442911,0.004742145,9.806025505,-0.001540146,0.000554241,5.0628e-05
6298.0,-0.003640428,0.004742145,9.807222366,-0.001540146,0.000554241,0.000183859
6319.0,-0.002442911,0.003544636,9.806025505,-0.001540146,0.000554241,0.000183859
6340.0,-0.001245394,0.003544636,9.802433013,-0.001673378,0.00042101,0.000183859
6361.0,-0.001245394,0.002347126,9.800037384,-0.001673378,0.00042101,0.000183859
6382.0,0.001149624,0.001149617,9.797642707,-0.001673378,0.000554241,0.000183859
6403.0,0.001149624,0.001149617,9.796444892,-0.001673378,0.000554241,0.000183859
6424.0,0.002347126,0.002347126,9.795248031,-0.001540146,0.000554241,0.000183859
6445.0,0.002347126,0.002347126,9.794050216,-0.001540146,0.000554241,0.000183859
6465.0,0.001149624,0.001149617,9.79165554,-0.001540146,0.000554241,0.000183859
6486.0,0.001149624,0.002347126,9.790457725,-0.001406915,0.000554241,0.000183859
6507.0,0.002347126,0.003544636,9.78925991,-0.001406915,0.00042101,5.0628e-05
6526.0,0.001149624,0.003544636,9.78925991,-0.001273684,0.00042101,5.0628e-05
6546.0,0.001149624,0.002347126,9.790457725,-0.001273684,0.00042101,5.0628e-05
6568.0,-4.7892e-05,0.002347126,9.79165554,-0.001273684,0.00042101,5.0628e-05
6589.0,-0.001245394,0.001149617,9.79165554,-0.001273684,0.00042101,5.0628e-05
6610.0,-0.002442911,0.002347126,9.79165554,-0.001140452,0.00042101,5.0628e-05
6631.0,-0.00483793,0.002347126,9.792852401,-0.001140452,0.000287779,0.000183859
6652.0,-0.00483793,0.003544636,9.792852401,-0.001140452,0.00042101,0.000183859
6673.0,-0.00483793,0.003544636,9.794050216,-0.001140452,0.00042101,0.000317091
6694.0,-4.7892e-05,0.004742145,9.794050216,-0.001140452,0.000554241,0.000317091
6715.0,0.001149624,0.004742145,9.794050216,-0.001140452,0.000554241,0.000317091
6736.0,0.001149624,0.005939655,9.792852401,-0.001273684,0.000554241,0.000317091
6757.0,-4.7892e-05,0.005939655,9.792852401,-0.001273684,0.000554241,0.000317091
6777.0,-0.002442911,0.005939655,9.794050216,-0.001273684,0.000554241,0.000317091
6798.0,-0.003640428,0.005939655,9.795248031,-0.001273684,0.000554241,0.000317091
6819.0,-0.003640428,0.005939655,9.796444892,-0.001273684,0.000554241,0.000317091
6839.0,-0.002442911,0.005939655,9.798840522,-0.001273684,0.000687473,0.000317091
6860.0,-0.001245394,0.005939655,9.798840522,-0.001273684,0.000687473,0.000317091
6879.0,-0.001245394,0.004742145,9.800037384,-0.001273684,0.000687473,0.000317091
6900.0,-0.002442911,0.004742145,9.801235198,-0.001140452,0.000687473,0.000317091
6921.0,-0.002442911,0.003544636,9.801235198,-0.001273684,0.000687473,0.000317091
6942.0,-0.002442911,0.002347126,9.801235198,-0.001273684,0.000687473,0.000317091
6963.0,-0.003640428,0.002347126,9.800037384,-0.001273684,0.000554241,0.000317091
6984.0,-0.003640428,0.002347126,9.798840522,-0.001273684,0.000554241,0.00045032
7005.0,-0.003640428,0.002347126,9.797642707,-0.001273684,0.000554241,0.00045032
7025.0,-0.003640428,0.003544636,9.796444892,-0.001273684,0.000687473,0.000317091
7046.0,-0.003640428,0.003544636,9.794050216,-0.001273684,0.000687473,0.000317091
7066.0,-0.003640428,0.004742145,9.794050216,-0.001273684,0.000554241,0.000317091
7085.0,-0.003640428,0.004742145,9.795248031,-0.001273684,0.000554241,0.000317091
7106.0,-0.002442911,0.003544636,9.795248031,-0.001406915,0.00042101,0.000317091
7125.0,-0.002442911,0.004742145,9.794050216,-0.001540146,0.00042101,0.00045032
7146.0,-0.002442911,0.004742145,9.792852401,-0.001540146,0.00042101,0.000317091
7167.0,-0.002442911,0.004742145,9.792852401,-0.001540146,0.00042101,0.000317091
7188.0,-0.001245394,0.004742145,9.792852401,-0.001406915,0.00042101,0.000317091
7209.0,-4.7892e-05,0.005939655,9.794050216,-0.001406915,0.00042101,0.000317091
7230.0,-4.7892e-05,0.005939655,9.794050216,-0.001406915,0.000554241,0.000183859
7251.0,-4.7892e-05,0.007137164,9.794050216,-0.001273684,0.000554241,0.000183859
7272.0,-0.001245394,0.005939655,9.795248031,-0.001140452,0.000554241,5.0628e-05
7292.0,-0.001245394,0.004742145,9.796444892,-0.001140452,0.000554241,5.0628e-05
7311.0,-0.002442911,0.004742145,9.798840522,-0.001273684,0.000554241,5.0628e-05
7332.0,-0.002442911,0.005939655,9.800037384,-0.001273684,0.000554241,0.000183859
7351.0,-0.003640428,0.005939655,9.800037384,-0.001273684,0.000554241,0.000183859
7371.0,-0.002442911,0.005939655,9.801235198,-0.001140452,0.000554241,0.000183859
7392.0,-4.7892e-05,0.005939655,9.801235198,-0.001140452,0.000554241,0.000183859
7413.0,0.001149624,0.004742145,9.800037384,-0.001140452,0.000554241,5.0628e-05
7434.0,0.002347126,0.004742145,9.801235198,-0.001007221,0.000554241,-8.2602e-05
7455.0,0.002347126,0.003544636,9.803629875,-0.001007221,0.000554241,-8.2602e-05
7476.0,0.001149624,0.003544636,9.803629875,-0.001007221,0.000554241,5.0628e-05
7496.0,0.001149624,0.003544636,9.802433013,-0.001007221,0.000554241,5.0628e-05
7517.0,-4.7892e-05,0.003544636,9.802433013,-0.001007221,0.000554241,5.0628e-05
7538.0,-0.001245394,0.003544636,9.802433013,-0.001007221,0.00042101,5.0628e-05
7559.0,-0.001245394,0.002347126,9.802433013,-0.001007221,0.00042101,5.0628e-05
7580.0,0.001149624,0.003544636,9.802433013,-0.001007221,0.00042101,0.000183859
7601.0,0.002347126,0.004742145,9.802433013,-0.001007221,0.00042101,0.000183859
7622.0,0.003544643,0.004742145,9.802433013,-0.001007221,0.000554241,0.000183859
7643.0,0.004742145,0.004742145,9.801235198,-0.001007221,0.000554241,0.000183859
7663.0,0.004742145,0.004742145,9.801235198,-0.00087399,0.000554241,0.000183859
7684.0,0.004742145,0.003544636,9.800037384,-0.00087399,0.000554241,0.000183859
7704.0,0.004742145,0.003544636,9.801235198,-0.00087399,0.000554241,0.000183859
7724.0,0.005939662,0.002347126,9.803629875,-0.001007221,0.00042101,0.000183859
7745.0,0.005939662,0.002347126,9.803629875,-0.001007221,0.00042101,5.0628e-05
7766.0,0.005939662,0.001149617,9.803629875,-0.001007221,0.00042101,-8.2602e-05
7787.0,0.005939662,0.002347126,9.803629875,-0.001007221,0.00042101,-8.2602e-05
7808.0,0.005939662,0.003544636,9.803629875,-0.001007221,0.00042101,5.0628e-05
7829.0,0.007137164,0.004742145,9.80482769,-0.00087399,0.00042101,5.0628e-05
7849.0,0.005939662,0.004742145,9.80482769,-0.00087399,0.00042101,-8.2602e-05
7870.0,0.005939662,0.004742145,9.80482769,-0.00087399,0.00042101,-8.2602e-05
7890.0,0.004742145,0.004742145,9.803629875,-0.00087399,0.00042101,-8.2602e-05
7909.0,0.003544643,0.004742145,9.803629875,-0.001007221,0.00042101,-8.2602e-05
7930.0,0.002347126,0.004742145,9.806025505,-0.001140452,0.000287779,-8.2602e-05
7951.0,0.002347126,0.004742145,9.806025505,-0.001140452,0.000287779,-8.2602e-05
7972.0,0.002347126,0.004742145,9.806025505,-0.001007221,0.000287779,-0.000215834
7993.0,0.003544643,0.003544636,9.80482769,-0.001007221,0.000287779,-0.000215834
8014.0,0.005939662,0.002347126,9.801235198,-0.001140452,0.00042101,-0.000215834
8035.0,0.005939662,0.001149617,9.801235198,-0.001273684,0.00042101,-0.000215834
8056.0,0.005939662,0.001149617,9.800037384,-0.001273684,0.000287779,-0.000215834
8077.0,0.005939662,0.002347126,9.798840522,-0.001140452,0.000287779,-0.000349065
8098.0,0.005939662,0.003544636,9.800037384,-0.001140452,0.000287779,-0.000349065
8119.0,0.007137164,0.003544636,9.801235198,-0.001007221,0.000287779,-0.000349065
8140.0,0.007137164,0.002347126,9.798840522,-0.001007221,0.000287779,-0.000349065
8161.0,0.007137164,0.002347126,9.798840522,-0.001007221,0.00042101,-0.000349065
8181.0,0.008334681,0.002347126,9.801235198,-0.001140452,0.000554241,-0.000349065
8200.0,0.007137164,0.002347126,9.801235198,-0.001140452,0.000687473,-0.000349065
8221.0,0.007137164,0.001149617,9.800037384,-0.001140452,0.000687473,-0.000482296
8240.0,0.005939662,-4.7892e-05,9.800037384,-0.001140452,0.000554241,-0.000482296
8261.0,0.003544643,-4.7892e-05,9.798840522,-0.001140452,0.000554241,-0.000482296
8282.0,0.003544643,-4.7892e-05,9.798840522,-0.001140452,0.000554241,-0.000482296
8303.0,0.003544643,-0.001245401,9.800037384,-0.001140452,0.000687473,-0.000482296
8324.0,0.003544643,-0.00364042,9.802433013,-0.001140452,0.000554241,-0.000482296
8345.0,0.002347126,-0.00483793,9.802433013,-0.001140452,0.000554241,-0.000482296
8366.0,0.001149624,-0.00483793,9.802433013,-0.001007221,0.000554241,-0.000482296
8387.0,-4.7892e-05,-0.00483793,9.801235198,-0.001007221,0.000554241,-0.000482296
8407.0,-0.001245394,-0.00483793,9.796444892,-0.001140452,0.000554241,-0.000349065
8426.0,-0.002442911,-0.00483793,9.796444892,-0.001140452,0.00042101,-0.000349065
8447.0,-0.003640428,-0.00364042,9.796444892,-0.001140452,0.00042101,-0.000349065
8466.0,-0.002442911,-0.002442911,9.795248031,-0.001007221,0.00042101,-0.000349065
8487.0,-4.7892e-05,-0.002442911,9.794050216,-0.001007221,0.00042101,-0.000482296
8506.0,-4.7892e-05,-0.001245401,9.795248031,-0.001007221,0.00042101,-0.000482296
8527.0,-0.001245394,-4.7892e-05,9.795248031,-0.001007221,0.00042101,-0.000349065
8548.0,-0.001245394,-0.001245401,9.795248031,-0.001007221,0.00042101,-0.000349065
8569.0,-0.001245394,-0.00364042,9.794050216,-0.001007221,0.000287779,-0.000349065
8590.0,-0.001245394,-0.00364042,9.794050216,-0.00087399,0.000154548,-0.000349065
8611.0,-0.001245394,-0.00483793,9.794050216,-0.00087399,0.000154548,-0.000349065
8632.0,-4.7892e-05,-0.006035439,9.79165554,-0.00087399,0.000154548,-0.000349065
8653.0,-4.7892e-05,-0.006035439,9.79165554,-0.00087399,2.1316e-05,-0.000215834
8673.0,-4.7892e-05,-0.006035439,9.792852401,-0.000740759,0.000154548,-0.000215834
8692.0,0.001149624,-0.006035439,9.794050216,-0.000607527,0.000154548,-0.000215834
8713.0,0.001149624,-0.006035439,9.795248031,-0.000740759,0.000154548,-0.000215834
8732.0,0.001149624,-0.006035439,9.797642707,-0.000740759,0.000154548,-0.000215834
8753.0,-4.7892e-05,-0.006035439,9.798840522,-0.000740759,0.000154548,-0.000215834
8773.0,0.001149624,-0.00483793,9.798840522,-0.000740759,0.000154548,-0.000215834
8793.0,0.001149624,-0.00483793,9.797642707,-0.000740759,2.1316e-05,-8.2602e-05
8814.0,-4.7892e-05,-0.00364042,9.798840522,-0.000740759,-0.000111914,-8.2602e-05
8835.0,-4.7892e-05,-0.002442911,9.800037384,-0.00087399,-0.000111914,-8.2602e-05
8856.0,-0.001245394,-0.002442911,9.802433013,-0.00087399,-0.000111914,-8.2602e-05
8877.0,-4.7892e-05,-0.001245401,9.80482769,-0.00087399,2.1316e-05,-0.000215834
8898.0,0.001149624,-4.7892e-05,9.80482769,-0.00087399,2.1316e-05,-0.000215834
8919.0,0.001149624,0.001149617,9.803629875,-0.00087399,-0.000111914,-8.2602e-05
8940.0,0.001149624,0.002347126,9.80482769,-0.00087399,-0.000111914,-0.000215834
8959.0,0.002347126,0.002347126,9.803629875,-0.00087399,2.1316e-05,-0.000215834
8980.0,0.002347126,0.001149617,9.802433013,-0.00087399,0.000154548,-8.2602e-05
9001.0,0.001149624,0.001149617,9.801235198,-0.00087399,0.000287779,-8.2602e-05
9022.0,0.001149624,0.001149617,9.801235198,-0.00087399,0.000287779,-8.2602e-05
9042.0,-4.7892e-05,0.001149617,9.802433013,-0.00087399,0.000287779,-8.2602e-05
9061.0,-4.7892e-05,0.001149617,9.806025505,-0.000740759,0.000287779,-8.2602e-05
9082.0,-4.7892e-05,0.001149617,9.807222366,-0.000740759,0.000287779,-8.2602e-05
9101.0,0.001149624,0.002347126,9.807222366,-0.000740759,0.000287779,-8.2602e-05
9122.0,0.002347126,0.003544636,9.806025505,-0.00087399,0.000287779,-8.2602e-05
9141.0,0.001149624,0.004742145,9.806025505,-0.00087399,0.000287779,-8.2602e-05
9163.0,0.001149624,0.004742145,9.806025505,-0.00087399,0.000287779,-8.2602e-05
9182.0,0.001149624,0.004742145,9.806025505,-0.000740759,0.00042101,-8.2602e-05
9202.0,-4.7892e-05,0.003544636,9.80482769,-0.000740759,0.00042101,-8.2602e-05
9222.0,-4.7892e-05,0.002347126,9.806025505,-0.00087399,0.00042101,-8.2602e-05
9242.0,-4.7892e-05,0.001149617,9.806025505,-0.00087399,0.00042101,-8.2602e-05
9263.0,-0.001245394,-4.7892e-05,9.807222366,-0.00087399,0.00042101,-8.2602e-05
9282.0,-0.001245394,-4.7892e-05,9.807222366,-0.00087399,0.000554241,-8.2602e-05
9303.0,-0.001245394,-0.001245401,9.806025505,-0.00087399,0.00042101,-8.2602e-05
9323.0,-0.001245394,-0.002442911,9.80482769,-0.00087399,0.00042101,-8.2602e-05
9343.0,-0.001245394,-0.002442911,9.803629875,-0.000740759,0.00042101,-8.2602e-05
9364.0,-0.002442911,-0.001245401,9.803629875,-0.000740759,0.000287779,-8.2602e-05
9385.0,-0.002442911,-0.001245401,9.802433013,-0.000740759,0.000287779,5.0628e-05
9406.0,-0.001245394,-0.002442911,9.801235198,-0.000740759,0.000154548,0.000183859
9427.0,-0.001245394,-0.00364042,9.801235198,-0.00087399,2.1316e-05,0.000317091
9448.0,-4.7892e-05,-0.00364042,9.801235198,-0.00087399,2.1316e-05,0.00045032
9469.0,0.001149624,-0.002442911,9.801235198,-0.00087399,2.1316e-05,0.00045032
9490.0,0.002347126,-0.002442911,9.801235198,-0.00087399,0.000154548,0.00045032
9510.0,0.002347126,-0.001245401,9.802433013,-0.000740759,2.1316e-05,0.000317091
9529.0,0.001149624,0.001149617,9.803629875,-0.000740759,0.000154548,0.00045032
9549.0,-4.7892e-05,0.001149617,9.80482769,-0.000740759,0.000154548,0.00045032
9570.0,-4.7892e-05,0.001149617,9.807222366,-0.000740759,0.000154548,0.00045032
9589.0,-0.002442911,0.002347126,9.807222366,-0.000740759,0.000154548,0.000317091
9610.0,-0.003640428,0.001149617,9.808420181,-0.000740759,0.000154548,0.000317091
9629.0,-0.003640428,-4.7892e-05,9.807222366,-0.000740759,0.000287779,0.000317091
9650.0,-0.003640428,-4.7892e-05,9.806025505,-0.000740759,0.000154548,0.000317091
9671.0,-0.003640428,-4.7892e-05,9.806025505,-0.000740759,0.000154548,0.000317091
9692.0,-0.003640428,-4.7892e-05,9.807222366,-0.000607527,2.1316e-05,0.000183859
9713.0,-0.003640428,-0.001245401,9.808420181,-0.000607527,2.1316e-05,0.000183859
9734.0,-0.003640428,-0.001245401,9.808420181,-0.000607527,2.1316e-05,0.000183859
9755.0,-0.003640428,-4.7892e-05,9.807222366,-0.000607527,2.1316e-05,0.000183859
9776.0,-0.002442911,-4.7892e-05,9.806025505,-0.000607527,2.1316e-05,0.000183859
9797.0,-0.001245394,0.001149617,9.80482769,-0.000474296,2.1316e-05,0.000183859
9818.0,-0.001245394,0.002347126,9.80482769,-0.000474296,2.1316e-05,5.0628e-05
9839.0,-0.001245394,0.003544636,9.80482769,-0.000474296,2.1316e-05,5.0628e-05
9860.0,-0.001245394,0.002347126,9.806025505,-0.000474296,2.1316e-05,5.0628e-05
9879.0,-0.001245394,0.002347126,9.806025505,-0.000607527,0.000154548,5.0628e-05
9899.0,-0.001245394,0.002347126,9.806025505,-0.000607527,2.1316e-05,-8.2602e-05
9920.0,-0.001245394,0.002347126,9.806025505,-0.000607527,-0.000111914,-8.2602e-05
9941.0,-0.001245394,0.002347126,9.80482769,-0.000607527,-0.000111914,-8.2602e-05
9962.0,-0.001245394,0.002347126,9.802433013,-0.000474296,-0.000111914,5.0628e-05
9983.0,-0.002442911,0.002347126,9.801235198,-0.000474296,2.1316e-05,5.0628e-05
10004.0,-0.00483793,0.001149617,9.796444892,-0.000341065,2.1316e-05,5.0628e-05
10025.0,-0.006035447,-4.7892e-05,9.797642707,-0.000341065,-0.000111914,-8.2602e-05
10046.0,-0.007232949,-0.001245401,9.798840522,-0.000474296,-0.000111914,-8.2602e-05
10066.0,-0.008430466,-0.002442911,9.800037384,-0.000474296,-0.000111914,-0.000215834
10085.0,-0.008430466,-0.00364042,9.801235198,-0.000474296,2.1316e-05,-0.000215834
10106.0,-0.009627968,-0.00364042,9.801235198,-0.000474296,2.1316e-05,-0.000215834
10125.0,-0.009627968,-0.00364042,9.801235198,-0.000607527,2.1316e-05,-0.000215834
10146.0,-0.009627968,-0.00364042,9.802433013,-0.000740759,2.1316e-05,-0.000215834
10166.0,-0.010825484,-0.00364042,9.803629875,-0.000740759,0.000154548,-0.000349065
